year,state,state_po,candidate,party_detailed,candidatevotes,totalvotes,party_simplified
2012,ALASKA,AK,"OBAMA, BARACK H.",DEMOCRAT,122640,300495,DEMOCRAT
2012,ALASKA,AK,"ROMNEY, MITT",REPUBLICAN,164676,300495,REPUBLICAN
2012,ALABAMA,AL,"OBAMA, BARACK H.",DEMOCRAT,795696,2074338,DEMOCRAT
2012,ALABAMA,AL,"ROMNEY, MITT",REPUBLICAN,1255925,2074338,REPUBLICAN
2012,ARKANSAS,AR,"OBAMA, BARACK H.",DEMOCRAT,394409,1069468,DEMOCRAT
2012,ARKANSAS,AR,"ROMNEY, MITT",REPUBLICAN,647744,1069468,REPUBLICAN
2012,ARIZONA,AZ,"OBAMA, BARACK H.",DEMOCRAT,1025232,2299254,DEMOCRAT
2012,ARIZONA,AZ,"ROMNEY, MITT",REPUBLICAN,1233654,2299254,REPUBLICAN
2012,CALIFORNIA,CA,"OBAMA, BARACK H.",DEMOCRAT,7854285,13038547,DEMOCRAT
2012,CALIFORNIA,CA,"ROMNEY, MITT",REPUBLICAN,4839958,13038547,REPUBLICAN
2012,COLORADO,CO,"OBAMA, BARACK H.",DEMOCRAT,1323101,2569516,DEMOCRAT
2012,COLORADO,CO,"ROMNEY, MITT",REPUBLICAN,1185243,2569516,REPUBLICAN
2012,CONNECTICUT,CT,"OBAMA, BARACK H.",DEMOCRAT,905083,1558204,DEMOCRAT
2012,CONNECTICUT,CT,"ROMNEY, MITT",REPUBLICAN,634892,1558204,REPUBLICAN
2012,DISTRICT OF COLUMBIA,DC,"OBAMA, BARACK H.",DEMOCRAT,267070,293764,DEMOCRAT
2012,DISTRICT OF COLUMBIA,DC,"ROMNEY, MITT",REPUBLICAN,21381,293764,REPUBLICAN
2012,DELAWARE,DE,"OBAMA, BARACK H.",DEMOCRAT,242584,413890,DEMOCRAT
2012,DELAWARE,DE,"ROMNEY, MITT",REPUBLICAN,165484,413890,REPUBLICAN
2012,FLORIDA,FL,"OBAMA, BARACK H.",DEMOCRAT,4237756,8474179,DEMOCRAT
2012,FLORIDA,FL,"ROMNEY, MITT",REPUBLICAN,4163447,8474179,REPUBLICAN
2012,GEORGIA,GA,"OBAMA, BARACK H.",DEMOCRAT,1773827,3897839,DEMOCRAT
2012,GEORGIA,GA,"ROMNEY, MITT",REPUBLICAN,2078688,3897839,REPUBLICAN
2012,HAWAII,HI,"OBAMA, BARACK H.",DEMOCRAT,306658,437159,DEMOCRAT
2012,HAWAII,HI,"ROMNEY, MITT",REPUBLICAN,121015,437159,REPUBLICAN
2012,IOWA,IA,"OBAMA, BARACK H.",DEMOCRAT,822544,1582180,DEMOCRAT
2012,IOWA,IA,"ROMNEY, MITT",REPUBLICAN,730617,1582180,REPUBLICAN
2012,IDAHO,ID,"OBAMA, BARACK H.",DEMOCRAT,212787,652274,DEMOCRAT
2012,IDAHO,ID,"ROMNEY, MITT",REPUBLICAN,420911,652274,REPUBLICAN
2012,ILLINOIS,IL,"OBAMA, BARACK H.",DEMOCRAT,3019512,5242014,DEMOCRAT
2012,ILLINOIS,IL,"ROMNEY, MITT",REPUBLICAN,2135216,5242014,REPUBLICAN
2012,INDIANA,IN,"OBAMA, BARACK H.",DEMOCRAT,1152887,2624534,DEMOCRAT
2012,INDIANA,IN,"ROMNEY, MITT",REPUBLICAN,1420543,2624534,REPUBLICAN
2012,KANSAS,KS,"OBAMA, BARACK H.",DEMOCRAT,440726,1159971,DEMOCRAT
2012,KANSAS,KS,"ROMNEY, MITT",REPUBLICAN,692634,1159971,REPUBLICAN
2012,KENTUCKY,KY,"OBAMA, BARACK H.",DEMOCRAT,679370,1797212,DEMOCRAT
2012,KENTUCKY,KY,"ROMNEY, MITT",REPUBLICAN,1087190,1797212,REPUBLICAN
2012,LOUISIANA,LA,"OBAMA, BARACK H.",DEMOCRAT,809141,1994065,DEMOCRAT
2012,LOUISIANA,LA,"ROMNEY, MITT",REPUBLICAN,1152262,1994065,REPUBLICAN
2012,MASSACHUSETTS,MA,"OBAMA, BARACK H.",DEMOCRAT,1921290,3184196,DEMOCRAT
2012,MASSACHUSETTS,MA,"ROMNEY, MITT",REPUBLICAN,1188314,3184196,REPUBLICAN
2012,MARYLAND,MD,"OBAMA, BARACK H.",DEMOCRAT,1677844,2707327,DEMOCRAT
2012,MARYLAND,MD,"ROMNEY, MITT",REPUBLICAN,971869,2707327,REPUBLICAN
2012,MAINE,ME,"OBAMA, BARACK H.",DEMOCRAT,401306,724758,DEMOCRAT
2012,MAINE,ME,"ROMNEY, MITT",REPUBLICAN,292276,724758,REPUBLICAN
2012,MICHIGAN,MI,"OBAMA, BARACK H.",DEMOCRAT,2564569,4730961,DEMOCRAT
2012,MICHIGAN,MI,"ROMNEY, MITT",REPUBLICAN,2115256,4730961,REPUBLICAN
2012,MINNESOTA,MN,"OBAMA, BARACK H.",DEMOCRAT,1546167,2936561,DEMOCRAT
2012,MINNESOTA,MN,"ROMNEY, MITT",REPUBLICAN,1320225,2936561,REPUBLICAN
2012,MISSOURI,MO,"OBAMA, BARACK H.",DEMOCRAT,1223796,2757323,DEMOCRAT
2012,MISSOURI,MO,"ROMNEY, MITT",REPUBLICAN,1482440,2757323,REPUBLICAN
2012,MISSISSIPPI,MS,"OBAMA, BARACK H.",DEMOCRAT,562949,1285584,DEMOCRAT
2012,MISSISSIPPI,MS,"ROMNEY, MITT",REPUBLICAN,710746,1285584,REPUBLICAN
2012,MONTANA,MT,"OBAMA, BARACK H.",DEMOCRAT,201839,484048,DEMOCRAT
2012,MONTANA,MT,"ROMNEY, MITT",REPUBLICAN,267928,484048,REPUBLICAN
2012,NORTH CAROLINA,NC,"OBAMA, BARACK H.",DEMOCRAT,2178391,4505372,DEMOCRAT
2012,NORTH CAROLINA,NC,"ROMNEY, MITT",REPUBLICAN,2270395,4505372,REPUBLICAN
2012,NORTH DAKOTA,ND,"OBAMA, BARACK H.",DEMOCRAT,124966,322932,DEMOCRAT
2012,NORTH DAKOTA,ND,"ROMNEY, MITT",REPUBLICAN,188320,322932,REPUBLICAN
2012,NEBRASKA,NE,"OBAMA, BARACK H.",DEMOCRAT,302081,794379,DEMOCRAT
2012,NEBRASKA,NE,"ROMNEY, MITT",REPUBLICAN,475064,794379,REPUBLICAN
2012,NEW HAMPSHIRE,NH,"OBAMA, BARACK H.",DEMOCRAT,369561,710972,DEMOCRAT
2012,NEW HAMPSHIRE,NH,"ROMNEY, MITT",REPUBLICAN,329918,710972,REPUBLICAN
2012,NEW JERSEY,NJ,"OBAMA, BARACK H.",DEMOCRAT,2122786,3638499,DEMOCRAT
2012,NEW JERSEY,NJ,"ROMNEY, MITT",REPUBLICAN,1478088,3638499,REPUBLICAN
2012,NEW MEXICO,NM,"OBAMA, BARACK H.",DEMOCRAT,415335,783758,DEMOCRAT
2012,NEW MEXICO,NM,"ROMNEY, MITT",REPUBLICAN,335788,783758,REPUBLICAN
2012,NEVADA,NV,"OBAMA, BARACK H.",DEMOCRAT,531373,1014918,DEMOCRAT
2012,NEVADA,NV,"ROMNEY, MITT",REPUBLICAN,463567,1014918,REPUBLICAN
2012,NEW YORK,NY,"OBAMA, BARACK H.",DEMOCRAT,4324228,7116784,DEMOCRAT
2012,NEW YORK,NY,"ROMNEY, MITT",REPUBLICAN,2223397,7116784,REPUBLICAN
2012,OHIO,OH,"OBAMA, BARACK H.",DEMOCRAT,2827621,5580822,DEMOCRAT
2012,OHIO,OH,"ROMNEY, MITT",REPUBLICAN,2661407,5580822,REPUBLICAN
2012,OKLAHOMA,OK,"OBAMA, BARACK H.",DEMOCRAT,443547,1334872,DEMOCRAT
2012,OKLAHOMA,OK,"ROMNEY, MITT",REPUBLICAN,891325,1334872,REPUBLICAN
2012,OREGON,OR,"OBAMA, BARACK H.",DEMOCRAT,970488,1789270,DEMOCRAT
2012,OREGON,OR,"ROMNEY, MITT",REPUBLICAN,754175,1789270,REPUBLICAN
2012,PENNSYLVANIA,PA,"OBAMA, BARACK H.",DEMOCRAT,2990274,5742040,DEMOCRAT
2012,PENNSYLVANIA,PA,"ROMNEY, MITT",REPUBLICAN,2680434,5742040,REPUBLICAN
2012,RHODE ISLAND,RI,"OBAMA, BARACK H.",DEMOCRAT,279677,446049,DEMOCRAT
2012,RHODE ISLAND,RI,"ROMNEY, MITT",REPUBLICAN,157204,446049,REPUBLICAN
2012,SOUTH CAROLINA,SC,"OBAMA, BARACK H.",DEMOCRAT,865941,1964118,DEMOCRAT
2012,SOUTH CAROLINA,SC,"ROMNEY, MITT",REPUBLICAN,1071645,1964118,REPUBLICAN
2012,SOUTH DAKOTA,SD,"OBAMA, BARACK H.",DEMOCRAT,145039,363815,DEMOCRAT
2012,SOUTH DAKOTA,SD,"ROMNEY, MITT",REPUBLICAN,210610,363815,REPUBLICAN
2012,TENNESSEE,TN,"OBAMA, BARACK H.",DEMOCRAT,960709,2458577,DEMOCRAT
2012,TENNESSEE,TN,"ROMNEY, MITT",REPUBLICAN,1462330,2458577,REPUBLICAN
2012,TEXAS,TX,"OBAMA, BARACK H.",DEMOCRAT,3308124,7993851,DEMOCRAT
2012,TEXAS,TX,"ROMNEY, MITT",REPUBLICAN,4569843,7993851,REPUBLICAN
2012,UTAH,UT,"OBAMA, BARACK H.",DEMOCRAT,251813,1017440,DEMOCRAT
2012,UTAH,UT,"ROMNEY, MITT",REPUBLICAN,740600,1017440,REPUBLICAN
2012,VIRGINIA,VA,"OBAMA, BARACK H.",DEMOCRAT,1971820,3854489,DEMOCRAT
2012,VIRGINIA,VA,"ROMNEY, MITT",REPUBLICAN,1822522,3854489,REPUBLICAN
2012,VERMONT,VT,"OBAMA, BARACK H.",DEMOCRAT,199239,299290,DEMOCRAT
2012,VERMONT,VT,"ROMNEY, MITT",REPUBLICAN,92698,299290,REPUBLICAN
2012,WASHINGTON,WA,"OBAMA, BARACK H.",DEMOCRAT,1755396,3125516,DEMOCRAT
2012,WASHINGTON,WA,"MITT, ROMNEY",REPUBLICAN,1290670,3125516,REPUBLICAN
2012,WISCONSIN,WI,"OBAMA, BARACK H.",DEMOCRAT,1620985,3071434,DEMOCRAT
2012,WISCONSIN,WI,"ROMNEY, MITT",REPUBLICAN,1410966,3071434,REPUBLICAN
2012,WEST VIRGINIA,WV,"OBAMA, BARACK H.",DEMOCRAT,238269,670438,DEMOCRAT
2012,WEST VIRGINIA,WV,"ROMNEY, MITT",REPUBLICAN,417655,670438,REPUBLICAN
2012,WYOMING,WY,"OBAMA, BARACK H.",DEMOCRAT,69286,250701,DEMOCRAT
2012,WYOMING,WY,"ROMNEY, MITT",REPUBLICAN,170962,250701,REPUBLICAN
2016,ALASKA,AK,"CLINTON, HILLARY",DEMOCRAT,116454,318608,DEMOCRAT
2016,ALASKA,AK,"TRUMP, DONALD J.",REPUBLICAN,163387,318608,REPUBLICAN
2016,ALABAMA,AL,"CLINTON, HILLARY",DEMOCRAT,729547,2123372,DEMOCRAT
2016,ALABAMA,AL,"TRUMP, DONALD J.",REPUBLICAN,1318255,2123372,REPUBLICAN
2016,ARKANSAS,AR,"CLINTON, HILLARY",DEMOCRAT,380494,1130635,DEMOCRAT
2016,ARKANSAS,AR,"TRUMP, DONALD J.",REPUBLICAN,684872,1130635,REPUBLICAN
2016,ARIZONA,AZ,"CLINTON, HILLARY",DEMOCRAT,1161167,2573165,DEMOCRAT
2016,ARIZONA,AZ,"TRUMP, DONALD J.",REPUBLICAN,1252401,2573165,REPUBLICAN
2016,CALIFORNIA,CA,"CLINTON, HILLARY",DEMOCRAT,8753788,14181595,DEMOCRAT
2016,CALIFORNIA,CA,"TRUMP, DONALD J.",REPUBLICAN,4483810,14181595,REPUBLICAN
2016,COLORADO,CO,"CLINTON, HILLARY",DEMOCRAT,1338870,2780220,DEMOCRAT
2016,COLORADO,CO,"TRUMP, DONALD J.",REPUBLICAN,1202484,2780220,REPUBLICAN
2016,CONNECTICUT,CT,"CLINTON, HILLARY",DEMOCRAT,897572,1644920,DEMOCRAT
2016,CONNECTICUT,CT,"TRUMP, DONALD J.",REPUBLICAN,673215,1644920,REPUBLICAN
2016,DISTRICT OF COLUMBIA,DC,"CLINTON, HILLARY",DEMOCRAT,282830,312575,DEMOCRAT
2016,DISTRICT OF COLUMBIA,DC,"TRUMP, DONALD J.",REPUBLICAN,12723,312575,REPUBLICAN
2016,DELAWARE,DE,"CLINTON, HILLARY",DEMOCRAT,235603,441590,DEMOCRAT
2016,DELAWARE,DE,"TRUMP, DONALD J.",REPUBLICAN,185127,441590,REPUBLICAN
2016,FLORIDA,FL,"CLINTON, HILLARY",DEMOCRAT,4504975,9420039,DEMOCRAT
2016,FLORIDA,FL,"TRUMP, DONALD J.",REPUBLICAN,4617886,9420039,REPUBLICAN
2016,GEORGIA,GA,"CLINTON, HILLARY",DEMOCRAT,1877963,4114732,DEMOCRAT
2016,GEORGIA,GA,"TRUMP, DONALD J.",REPUBLICAN,2089104,4114732,REPUBLICAN
2016,HAWAII,HI,"CLINTON, HILLARY",DEMOCRAT,266891,437664,DEMOCRAT
2016,HAWAII,HI,"TRUMP, DONALD J.",REPUBLICAN,128847,437664,REPUBLICAN
2016,IOWA,IA,"CLINTON, HILLARY",DEMOCRAT,653669,1565580,DEMOCRAT
2016,IOWA,IA,"TRUMP, DONALD J.",REPUBLICAN,800983,1565580,REPUBLICAN
2016,IDAHO,ID,"CLINTON, HILLARY",DEMOCRAT,189765,690255,DEMOCRAT
2016,IDAHO,ID,"TRUMP, DONALD J.",REPUBLICAN,409055,690255,REPUBLICAN
2016,ILLINOIS,IL,"CLINTON, HILLARY",DEMOCRAT,3090729,5536424,DEMOCRAT
2016,ILLINOIS,IL,"TRUMP, DONALD J.",REPUBLICAN,2146015,5536424,REPUBLICAN
2016,INDIANA,IN,"CLINTON, HILLARY",DEMOCRAT,1033126,2734958,DEMOCRAT
2016,INDIANA,IN,"TRUMP, DONALD J.",REPUBLICAN,1557286,2734958,REPUBLICAN
2016,KANSAS,KS,"CLINTON, HILLARY",DEMOCRAT,427005,1184402,DEMOCRAT
2016,KANSAS,KS,"TRUMP, DONALD J.",REPUBLICAN,671018,1184402,REPUBLICAN
2016,KENTUCKY,KY,"CLINTON, HILLARY",DEMOCRAT,628854,1924149,DEMOCRAT
2016,KENTUCKY,KY,"TRUMP, DONALD J.",REPUBLICAN,1202971,1924149,REPUBLICAN
2016,LOUISIANA,LA,"CLINTON, HILLARY",DEMOCRAT,780154,2029032,DEMOCRAT
2016,LOUISIANA,LA,"TRUMP, DONALD J.",REPUBLICAN,1178638,2029032,REPUBLICAN
2016,MASSACHUSETTS,MA,"CLINTON, HILLARY",DEMOCRAT,1995196,3378821,DEMOCRAT
2016,MASSACHUSETTS,MA,"TRUMP, DONALD J.",REPUBLICAN,1090893,3378821,REPUBLICAN
2016,MARYLAND,MD,"CLINTON, HILLARY",DEMOCRAT,1677928,2781446,DEMOCRAT
2016,MARYLAND,MD,"TRUMP, DONALD J.",REPUBLICAN,943169,2781446,REPUBLICAN
2016,MAINE,ME,"CLINTON, HILLARY",DEMOCRAT,357735,771892,DEMOCRAT
2016,MAINE,ME,"TRUMP, DONALD J.",REPUBLICAN,335593,771892,REPUBLICAN
2016,MICHIGAN,MI,"CLINTON, HILLARY",DEMOCRAT,2268839,4799284,DEMOCRAT
2016,MICHIGAN,MI,"TRUMP, DONALD J.",REPUBLICAN,2279543,4799284,REPUBLICAN
2016,MINNESOTA,MN,"CLINTON, HILLARY",DEMOCRAT,1367705,2944782,DEMOCRAT
2016,MINNESOTA,MN,"TRUMP, DONALD J.",REPUBLICAN,1322949,2944782,REPUBLICAN
2016,MISSOURI,MO,"CLINTON, HILLARY",DEMOCRAT,1071068,2808605,DEMOCRAT
2016,MISSOURI,MO,"TRUMP, DONALD J.",REPUBLICAN,1594511,2808605,REPUBLICAN
2016,MISSISSIPPI,MS,"CLINTON, HILLARY",DEMOCRAT,485131,1209357,DEMOCRAT
2016,MISSISSIPPI,MS,"TRUMP, DONALD J.",REPUBLICAN,700714,1209357,REPUBLICAN
2016,MONTANA,MT,"CLINTON, HILLARY",DEMOCRAT,177709,494526,DEMOCRAT
2016,MONTANA,MT,"TRUMP, DONALD J.",REPUBLICAN,279240,494526,REPUBLICAN
2016,NORTH CAROLINA,NC,"CLINTON, HILLARY",DEMOCRAT,2189316,4741564,DEMOCRAT
2016,NORTH CAROLINA,NC,"TRUMP, DONALD J.",REPUBLICAN,2362631,4741564,REPUBLICAN
2016,NORTH DAKOTA,ND,"CLINTON, HILLARY",DEMOCRAT,93758,344360,DEMOCRAT
2016,NORTH DAKOTA,ND,"TRUMP, DONALD J.",REPUBLICAN,216794,344360,REPUBLICAN
2016,NEBRASKA,NE,"CLINTON, HILLARY",DEMOCRAT,284494,844227,DEMOCRAT
2016,NEBRASKA,NE,"TRUMP, DONALD J.",REPUBLICAN,495961,844227,REPUBLICAN
2016,NEW HAMPSHIRE,NH,"CLINTON, HILLARY",DEMOCRAT,348526,744296,DEMOCRAT
2016,NEW HAMPSHIRE,NH,"TRUMP, DONALD J.",REPUBLICAN,345790,744296,REPUBLICAN
2016,NEW JERSEY,NJ,"CLINTON, HILLARY",DEMOCRAT,2148278,3874046,DEMOCRAT
2016,NEW JERSEY,NJ,"TRUMP, DONALD J.",REPUBLICAN,1601933,3874046,REPUBLICAN
2016,NEW MEXICO,NM,"CLINTON, HILLARY",DEMOCRAT,385234,798319,DEMOCRAT
2016,NEW MEXICO,NM,"TRUMP, DONALD J.",REPUBLICAN,319667,798319,REPUBLICAN
2016,NEVADA,NV,"CLINTON, HILLARY",DEMOCRAT,539260,1125385,DEMOCRAT
2016,NEVADA,NV,"TRUMP, DONALD J.",REPUBLICAN,512058,1125385,REPUBLICAN
2016,NEW YORK,NY,"CLINTON, HILLARY",DEMOCRAT,4379789,7802084,DEMOCRAT
2016,NEW YORK,NY,"TRUMP, DONALD J.",REPUBLICAN,2527142,7802084,REPUBLICAN
2016,OHIO,OH,"CLINTON, HILLARY",DEMOCRAT,2394164,5496487,DEMOCRAT
2016,OHIO,OH,"TRUMP, DONALD J.",REPUBLICAN,2841005,5496487,REPUBLICAN
2016,OKLAHOMA,OK,"CLINTON, HILLARY",DEMOCRAT,420375,1452992,DEMOCRAT
2016,OKLAHOMA,OK,"TRUMP, DONALD J.",REPUBLICAN,949136,1452992,REPUBLICAN
2016,OREGON,OR,"CLINTON, HILLARY",DEMOCRAT,1002106,2001336,DEMOCRAT
2016,OREGON,OR,"TRUMP, DONALD J.",REPUBLICAN,782403,2001336,REPUBLICAN
2016,PENNSYLVANIA,PA,"CLINTON, HILLARY",DEMOCRAT,2926441,6115402,DEMOCRAT
2016,PENNSYLVANIA,PA,"TRUMP, DONALD J.",REPUBLICAN,2970733,6115402,REPUBLICAN
2016,RHODE ISLAND,RI,"CLINTON, HILLARY",DEMOCRAT,252525,464144,DEMOCRAT
2016,RHODE ISLAND,RI,"TRUMP, DONALD J.",REPUBLICAN,180543,464144,REPUBLICAN
2016,SOUTH CAROLINA,SC,"CLINTON, HILLARY",DEMOCRAT,855373,2103027,DEMOCRAT
2016,SOUTH CAROLINA,SC,"TRUMP, DONALD J.",REPUBLICAN,1155389,2103027,REPUBLICAN
2016,SOUTH DAKOTA,SD,"CLINTON, HILLARY",DEMOCRAT,117458,370093,DEMOCRAT
2016,SOUTH DAKOTA,SD,"TRUMP, DONALD J.",REPUBLICAN,227721,370093,REPUBLICAN
2016,TENNESSEE,TN,"CLINTON, HILLARY",DEMOCRAT,870695,2508027,DEMOCRAT
2016,TENNESSEE,TN,"TRUMP, DONALD J.",REPUBLICAN,1522925,2508027,REPUBLICAN
2016,TEXAS,TX,"CLINTON, HILLARY",DEMOCRAT,3877868,8969226,DEMOCRAT
2016,TEXAS,TX,"TRUMP, DONALD J.",REPUBLICAN,4685047,8969226,REPUBLICAN
2016,UTAH,UT,"CLINTON, HILLARY",DEMOCRAT,310674,1131317,DEMOCRAT
2016,UTAH,UT,"TRUMP, DONALD J.",REPUBLICAN,515211,1131317,REPUBLICAN
2016,VIRGINIA,VA,"CLINTON, HILLARY",DEMOCRAT,1981473,3982752,DEMOCRAT
2016,VIRGINIA,VA,"TRUMP, DONALD J.",REPUBLICAN,1769443,3982752,REPUBLICAN
2016,VERMONT,VT,"CLINTON, HILLARY",DEMOCRAT,178573,320467,DEMOCRAT
2016,VERMONT,VT,"TRUMP, DONALD J.",REPUBLICAN,95369,320467,REPUBLICAN
2016,WASHINGTON,WA,"CLINTON, HILLARY",DEMOCRAT,1742718,3317019,DEMOCRAT
2016,WASHINGTON,WA,"TRUMP, DONALD J.",REPUBLICAN,1221747,3317019,REPUBLICAN
2016,WISCONSIN,WI,"CLINTON, HILLARY",DEMOCRAT,1382536,2976150,DEMOCRAT
2016,WISCONSIN,WI,"TRUMP, DONALD J.",REPUBLICAN,1405284,2976150,REPUBLICAN
2016,WEST VIRGINIA,WV,"CLINTON, HILLARY",DEMOCRAT,188794,713051,DEMOCRAT
2016,WEST VIRGINIA,WV,"TRUMP, DONALD J.",REPUBLICAN,489371,713051,REPUBLICAN
2016,WYOMING,WY,"CLINTON, HILLARY",DEMOCRAT,55973,258788,DEMOCRAT
2016,WYOMING,WY,"TRUMP, DONALD J.",REPUBLICAN,174419,258788,REPUBLICAN
2020,ALASKA,AK,"BIDEN, JOSEPH R. JR",DEMOCRAT,153778,359530,DEMOCRAT
2020,ALASKA,AK,"TRUMP, DONALD J.",REPUBLICAN,189951,359530,REPUBLICAN
2020,ALABAMA,AL,"BIDEN, JOSEPH R. JR",DEMOCRAT,849624,2323282,DEMOCRAT
2020,ALABAMA,AL,"TRUMP, DONALD J.",REPUBLICAN,1441170,2323282,REPUBLICAN
2020,ARKANSAS,AR,"BIDEN, JOSEPH R. JR",DEMOCRAT,423932,1219069,DEMOCRAT
2020,ARKANSAS,AR,"TRUMP, DONALD J.",REPUBLICAN,760647,1219069,REPUBLICAN
2020,ARIZONA,AZ,"BIDEN, JOSEPH R. JR",DEMOCRAT,1672143,3387326,DEMOCRAT
2020,ARIZONA,AZ,"TRUMP, DONALD J.",REPUBLICAN,1661686,3387326,REPUBLICAN
2020,CALIFORNIA,CA,"BIDEN, JOSEPH R. JR",DEMOCRAT,11110250,17500881,DEMOCRAT
2020,CALIFORNIA,CA,"TRUMP, DONALD J.",REPUBLICAN,6006429,17500881,REPUBLICAN
2020,COLORADO,CO,"BIDEN, JOSEPH R. JR",DEMOCRAT,1804352,3279980,DEMOCRAT
2020,COLORADO,CO,"TRUMP, DONALD J.",REPUBLICAN,1364607,3279980,REPUBLICAN
2020,CONNECTICUT,CT,"BIDEN, JOSEPH R. JR",DEMOCRAT,1080831,1823857,DEMOCRAT
2020,CONNECTICUT,CT,"TRUMP, DONALD J.",REPUBLICAN,714717,1823857,REPUBLICAN
2020,DISTRICT OF COLUMBIA,DC,"BIDEN, JOSEPH R. JR",DEMOCRAT,317323,344265,DEMOCRAT
2020,DISTRICT OF COLUMBIA,DC,"TRUMP, DONALD J.",REPUBLICAN,18586,344265,REPUBLICAN
2020,DELAWARE,DE,"BIDEN, JOSEPH R. JR",DEMOCRAT,296268,504346,DEMOCRAT
2020,DELAWARE,DE,"TRUMP, DONALD J.",REPUBLICAN,200603,504346,REPUBLICAN
2020,FLORIDA,FL,"BIDEN, JOSEPH R. JR",DEMOCRAT,5297045,11067456,DEMOCRAT
2020,FLORIDA,FL,"TRUMP, DONALD J.",REPUBLICAN,5668731,11067456,REPUBLICAN
2020,GEORGIA,GA,"BIDEN, JOSEPH R. JR",DEMOCRAT,2473633,4999960,DEMOCRAT
2020,GEORGIA,GA,"TRUMP, DONALD J.",REPUBLICAN,2461854,4999960,REPUBLICAN
2020,HAWAII,HI,"BIDEN, JOSEPH R. JR",DEMOCRAT,366130,579784,DEMOCRAT
2020,HAWAII,HI,"TRUMP, DONALD J.",REPUBLICAN,196864,579784,REPUBLICAN
2020,IOWA,IA,"BIDEN, JOSEPH R. JR",DEMOCRAT,759061,1700130,DEMOCRAT
2020,IOWA,IA,"TRUMP, DONALD J.",REPUBLICAN,897672,1700130,REPUBLICAN
2020,IDAHO,ID,"BIDEN, JOSEPH R. JR",DEMOCRAT,287021,868014,DEMOCRAT
2020,IDAHO,ID,"TRUMP, DONALD J.",REPUBLICAN,554119,868014,REPUBLICAN
2020,ILLINOIS,IL,"BIDEN, JOSEPH R. JR",DEMOCRAT,3471915,6033743,DEMOCRAT
2020,ILLINOIS,IL,"TRUMP, DONALD J.",REPUBLICAN,2446891,6033743,REPUBLICAN
2020,INDIANA,IN,"BIDEN, JOSEPH R. JR",DEMOCRAT,1242416,3033118,DEMOCRAT
2020,INDIANA,IN,"TRUMP, DONALD J.",REPUBLICAN,1729519,3033118,REPUBLICAN
2020,KANSAS,KS,"BIDEN, JOSEPH R. JR",DEMOCRAT,570323,1372303,DEMOCRAT
2020,KANSAS,KS,"TRUMP, DONALD J.",REPUBLICAN,771406,1372303,REPUBLICAN
2020,KENTUCKY,KY,"BIDEN, JOSEPH R. JR",DEMOCRAT,772474,2136768,DEMOCRAT
2020,KENTUCKY,KY,"TRUMP, DONALD J.",REPUBLICAN,1326646,2136768,REPUBLICAN
2020,LOUISIANA,LA,"BIDEN, JOSEPH R. JR",DEMOCRAT,856034,2148062,DEMOCRAT
2020,LOUISIANA,LA,"TRUMP, DONALD J.",REPUBLICAN,1255776,2148062,REPUBLICAN
2020,MASSACHUSETTS,MA,"BIDEN, JOSEPH R. JR",DEMOCRAT,2382202,3658005,DEMOCRAT
2020,MASSACHUSETTS,MA,"TRUMP, DONALD J.",REPUBLICAN,1167202,3658005,REPUBLICAN
2020,MARYLAND,MD,"BIDEN, JOSEPH R. JR",DEMOCRAT,1985023,3037030,DEMOCRAT
2020,MARYLAND,MD,"TRUMP, DONALD J.",REPUBLICAN,976414,3037030,REPUBLICAN
2020,MAINE,ME,"BIDEN, JOSEPH R. JR",DEMOCRAT,435072,828305,DEMOCRAT
2020,MAINE,ME,"TRUMP, DONALD J.",REPUBLICAN,360737,828305,REPUBLICAN
2020,MICHIGAN,MI,"BIDEN, JOSEPH R. JR",DEMOCRAT,2804040,5539302,DEMOCRAT
2020,MICHIGAN,MI,"TRUMP, DONALD J.",REPUBLICAN,2649852,5539302,REPUBLICAN
2020,MINNESOTA,MN,"BIDEN, JOSEPH R. JR",DEMOCRAT,1717077,3277171,DEMOCRAT
2020,MINNESOTA,MN,"TRUMP, DONALD J.",REPUBLICAN,1484065,3277171,REPUBLICAN
2020,MISSOURI,MO,"BIDEN, JOSEPH R. JR",DEMOCRAT,1253014,3025962,DEMOCRAT
2020,MISSOURI,MO,"TRUMP, DONALD J.",REPUBLICAN,1718736,3025962,REPUBLICAN
2020,MISSISSIPPI,MS,"BIDEN, JOSEPH R. JR",DEMOCRAT,539398,1313759,DEMOCRAT
2020,MISSISSIPPI,MS,"TRUMP, DONALD J.",REPUBLICAN,756764,1313759,REPUBLICAN
2020,MONTANA,MT,"BIDEN, JOSEPH R. JR",DEMOCRAT,244786,603674,DEMOCRAT
2020,MONTANA,MT,"TRUMP, DONALD J.",REPUBLICAN,343602,603674,REPUBLICAN
2020,NORTH CAROLINA,NC,"BIDEN, JOSEPH R. JR",DEMOCRAT,2684292,5524802,DEMOCRAT
2020,NORTH CAROLINA,NC,"TRUMP, DONALD J.",REPUBLICAN,2758773,5524802,REPUBLICAN
2020,NORTH DAKOTA,ND,"BIDEN, JOSEPH R. JR",DEMOCRAT,114902,361819,DEMOCRAT
2020,NORTH DAKOTA,ND,"TRUMP, DONALD J.",REPUBLICAN,235595,361819,REPUBLICAN
2020,NEBRASKA,NE,"BIDEN, JOSEPH R. JR",DEMOCRAT,374583,956383,DEMOCRAT
2020,NEBRASKA,NE,"TRUMP, DONALD J.",REPUBLICAN,556846,956383,REPUBLICAN
2020,NEW HAMPSHIRE,NH,"BIDEN, JOSEPH R. JR",DEMOCRAT,424921,806182,DEMOCRAT
2020,NEW HAMPSHIRE,NH,"TRUMP, DONALD J.",REPUBLICAN,365654,806182,REPUBLICAN
2020,NEW JERSEY,NJ,"BIDEN, JOSEPH R. JR",DEMOCRAT,2608335,4549353,DEMOCRAT
2020,NEW JERSEY,NJ,"TRUMP, DONALD J.",REPUBLICAN,1883274,4549353,REPUBLICAN
2020,NEW MEXICO,NM,"BIDEN, JOSEPH R. JR",DEMOCRAT,501614,923965,DEMOCRAT
2020,NEW MEXICO,NM,"TRUMP, DONALD J.",REPUBLICAN,401894,923965,REPUBLICAN
2020,NEVADA,NV,"BIDEN, JOSEPH R. JR",DEMOCRAT,703486,1405376,DEMOCRAT
2020,NEVADA,NV,"TRUMP, DONALD J.",REPUBLICAN,669890,1405376,REPUBLICAN
2020,NEW YORK,NY,"BIDEN, JOSEPH R. JR",DEMOCRAT,5230985,8661735,DEMOCRAT
2020,NEW YORK,NY,"TRUMP, DONALD J.",REPUBLICAN,3244798,8661735,REPUBLICAN
2020,OHIO,OH,"BIDEN, JOSEPH R. JR",DEMOCRAT,2679165,5922202,DEMOCRAT
2020,OHIO,OH,"TRUMP, DONALD J.",REPUBLICAN,3154834,5922202,REPUBLICAN
2020,OKLAHOMA,OK,"BIDEN, JOSEPH R. JR",DEMOCRAT,503890,1560699,DEMOCRAT
2020,OKLAHOMA,OK,"TRUMP, DONALD J.",REPUBLICAN,1020280,1560699,REPUBLICAN
2020,OREGON,OR,"BIDEN, JOSEPH R. JR",DEMOCRAT,1340383,2374321,DEMOCRAT
2020,OREGON,OR,"TRUMP, DONALD J.",REPUBLICAN,958448,2374321,REPUBLICAN
2020,PENNSYLVANIA,PA,"BIDEN, JOSEPH R. JR",DEMOCRAT,3458229,6915283,DEMOCRAT
2020,PENNSYLVANIA,PA,"TRUMP, DONALD J.",REPUBLICAN,3377674,6915283,REPUBLICAN
2020,RHODE ISLAND,RI,"BIDEN, JOSEPH R. JR",DEMOCRAT,307486,516990,DEMOCRAT
2020,RHODE ISLAND,RI,"TRUMP, DONALD J.",REPUBLICAN,199922,516990,REPUBLICAN
2020,SOUTH CAROLINA,SC,"BIDEN, JOSEPH R. JR",DEMOCRAT,1091541,2514096,DEMOCRAT
2020,SOUTH CAROLINA,SC,"TRUMP, DONALD J.",REPUBLICAN,1385103,2514096,REPUBLICAN
2020,SOUTH DAKOTA,SD,"BIDEN, JOSEPH R. JR",DEMOCRAT,150471,422609,DEMOCRAT
2020,SOUTH DAKOTA,SD,"TRUMP, DONALD J.",REPUBLICAN,261043,422609,REPUBLICAN
2020,TENNESSEE,TN,"BIDEN, JOSEPH R. JR",DEMOCRAT,1143711,3053851,DEMOCRAT
2020,TENNESSEE,TN,"TRUMP, DONALD J.",REPUBLICAN,1852475,3053851,REPUBLICAN
2020,TEXAS,TX,"BIDEN, JOSEPH R. JR",DEMOCRAT,5259126,11315056,DEMOCRAT
2020,TEXAS,TX,"TRUMP, DONALD J.",REPUBLICAN,5890347,11315056,REPUBLICAN
2020,UTAH,UT,"BIDEN, JOSEPH R. JR",DEMOCRAT,560282,1488289,DEMOCRAT
2020,UTAH,UT,"TRUMP, DONALD J.",REPUBLICAN,865140,1488289,REPUBLICAN
2020,VIRGINIA,VA,"BIDEN, JOSEPH R. JR",DEMOCRAT,2413568,4460524,DEMOCRAT
2020,VIRGINIA,VA,"TRUMP, DONALD J.",REPUBLICAN,1962430,4460524,REPUBLICAN
2020,VERMONT,VT,"BIDEN, JOSEPH R. JR",DEMOCRAT,242820,370968,DEMOCRAT
2020,VERMONT,VT,"TRUMP, DONALD J.",REPUBLICAN,112704,370968,REPUBLICAN
2020,WASHINGTON,WA,"BIDEN, JOSEPH R. JR",DEMOCRAT,2369612,4087631,DEMOCRAT
2020,WASHINGTON,WA,"TRUMP, DONALD J.",REPUBLICAN,1584651,4087631,REPUBLICAN
2020,WISCONSIN,WI,"BIDEN, JOSEPH R. JR",DEMOCRAT,1630866,3298041,DEMOCRAT
2020,WISCONSIN,WI,"TRUMP, DONALD J.",REPUBLICAN,1610184,3298041,REPUBLICAN
2020,WEST VIRGINIA,WV,"BIDEN, JOSEPH R. JR",DEMOCRAT,235984,794652,DEMOCRAT
2020,WEST VIRGINIA,WV,"TRUMP, DONALD J.",REPUBLICAN,545382,794652,REPUBLICAN
2020,WYOMING,WY,"BIDEN, JOSEPH R. JR",DEMOCRAT,73491,278503,DEMOCRAT
2020,WYOMING,WY,"TRUMP, DONALD J.",REPUBLICAN,193559,278503,REPUBLICAN
